<?xml version="1.0" encoding="UTF-8"?>

<!DOCTYPE generatorConfiguration
        PUBLIC "-//mybatis.org//DTD MyBatis Generator Configuration 1.0//EN"
        "http://mybatis.org/dtd/mybatis-generator-config_1_0.dtd">

<generatorConfiguration>
    <classPathEntry
            location="\\Users\Gorban\.m2\repository\org\postgresql\postgresql\42.2.18\postgresql-42.2.18.jar"/>

    <context id="DB2Tables" targetRuntime="MyBatis3">
        <jdbcConnection driverClass="org.postgresql.Driver"
                        connectionURL="jdbc:postgresql://127.0.0.1:5433/postgres"
                        userId="postgres"
                        password="1">
        </jdbcConnection>

        <javaTypeResolver>
            <property name="forceBigDecimals" value="false"/>
        </javaTypeResolver>

        <javaModelGenerator targetPackage="db.model" targetProject="src/main/java/lesson6">
            <property name="enableSubPackages" value="true"/>
            <property name="trimStrings" value="true"/>
        </javaModelGenerator>

        <sqlMapGenerator targetPackage="db.mapper.xml" targetProject="src/main/java/lesson6">
            <property name="enableSubPackages" value="true"/>
        </sqlMapGenerator>

        <javaClientGenerator type="XMLMAPPER" targetPackage="db.dao"
                             targetProject="src/main/java/lesson6">
            <property name="enableSubPackages" value="true"/>
        </javaClientGenerator>

        <table tableName="categories">
            <property name="useActualColumnNames" value="true"/>
            <generatedKey type="pre" column="id" sqlStatement="JDBC" identity="false" />
            <!--                        <columnOverride column="id" property="category_id" />-->
            <!--                        <ignoreColumn column="FRED" />-->
            <!--                        <columnOverride column="LONG_VARCHAR_FIELD" jdbcType="VARCHAR" />-->
        </table>
        <table tableName="products">
            <property name="useActualColumnNames" value="true"/>
            <generatedKey type="pre" column="id" sqlStatement="JDBC" identity="false" />
            <!--            <columnOverride column="DATE_FIELD" property="startDate" />-->
            <!--            <ignoreColumn column="FRED" />-->
            <!--            <columnOverride column="LONG_VARCHAR_FIELD" jdbcType="VARCHAR" />-->
        </table>
    </context>
</generatorConfiguration>